{"Title":"Relay.Benchmarks.PacketSinks.MultiPacketEnqueueBenchmarks-20260429-184957","HostEnvironmentInfo":{"BenchmarkDotNetCaption":"BenchmarkDotNet","BenchmarkDotNetVersion":"0.13.12","OsVersion":"Windows 11 (10.0.26200.8246)","ProcessorName":"12th Gen Intel Core i7-12700","PhysicalProcessorCount":1,"PhysicalCoreCount":12,"LogicalCoreCount":20,"RuntimeVersion":".NET 9.0.14 (9.0.1426.11910)","Architecture":"X64","HasAttachedDebugger":false,"HasRyuJit":true,"Configuration":"RELEASE","DotNetCliVersion":"9.0.312","ChronometerFrequency":{"Hertz":10000000},"HardwareTimerKind":"Unknown"},"Benchmarks":[{"DisplayInfo":"MultiPacketEnqueueBenchmarks.Multi_Packet_Enqueue: ShortRun(IterationCount=3, LaunchCount=1, WarmupCount=3)","Namespace":"Relay.Benchmarks.PacketSinks","Type":"MultiPacketEnqueueBenchmarks","Method":"Multi_Packet_Enqueue","MethodTitle":"Multi_Packet_Enqueue","Parameters":"","FullName":"Relay.Benchmarks.PacketSinks.MultiPacketEnqueueBenchmarks.Multi_Packet_Enqueue","HardwareIntrinsics":"AVX2,AES,BMI1,BMI2,FMA,LZCNT,PCLMUL,POPCNT,AvxVnni,SERIALIZE VectorSize=256","Statistics":{"OriginalValues":[6.991135329008102,6.939241290092468,7.558251917362213],"N":3,"Min":6.939241290092468,"LowerFence":6.500930339097977,"Q1":6.965188309550285,"Median":6.991135329008102,"Mean":7.162876178820928,"Q3":7.274693623185158,"UpperFence":7.738951593637466,"Max":7.558251917362213,"InterquartileRange":0.30950531363487244,"LowerOutliers":[],"UpperOutliers":[],"AllOutliers":[],"StandardError":0.19825465844803783,"Variance":0.11791472878904438,"StandardDeviation":0.3433871412692158,"Skewness":0.3750343927532672,"Kurtosis":0.666666666666668,"ConfidenceInterval":{"N":3,"Mean":7.162876178820928,"StandardError":0.19825465844803783,"Level":12,"Margin":6.264659772328654,"Lower":0.8982164064922733,"Upper":13.427535951149583},"Percentiles":{"P0":6.939241290092468,"P25":6.965188309550285,"P50":6.991135329008102,"P67":7.1839549690485,"P80":7.331405282020569,"P85":7.38811694085598,"P90":7.444828599691391,"P95":7.501540258526802,"P100":7.558251917362213}},"Memory":{"Gen0Collections":0,"Gen1Collections":0,"Gen2Collections":0,"TotalOperations":134217728,"BytesAllocatedPerOperation":0},"Measurements":[{"IterationMode":"Overhead","IterationStage":"Jitting","LaunchIndex":1,"IterationIndex":1,"Operations":1,"Nanoseconds":141800},{"IterationMode":"Workload","IterationStage":"Jitting","LaunchIndex":1,"IterationIndex":1,"Operations":1,"Nanoseconds":778000},{"IterationMode":"Overhead","IterationStage":"Jitting","LaunchIndex":1,"IterationIndex":2,"Operations":16,"Nanoseconds":135600},{"IterationMode":"Workload","IterationStage":"Jitting","LaunchIndex":1,"IterationIndex":2,"Operations":16,"Nanoseconds":125500},{"IterationMode":"Workload","IterationStage":"Pilot","LaunchIndex":1,"IterationIndex":1,"Operations":16,"Nanoseconds":1400},{"IterationMode":"Workload","IterationStage":"Pilot","LaunchIndex":1,"IterationIndex":2,"Operations":32,"Nanoseconds":2000},{"IterationMode":"Workload","IterationStage":"Pilot","LaunchIndex":1,"IterationIndex":3,"Operations":64,"Nanoseconds":3000},{"IterationMode":"Workload","IterationStage":"Pilot","LaunchIndex":1,"IterationIndex":4,"Operations":128,"Nanoseconds":5900},{"IterationMode":"Workload","IterationStage":"Pilot","LaunchIndex":1,"IterationIndex":5,"Operations":256,"Nanoseconds":10400},{"IterationMode":"Workload","IterationStage":"Pilot","LaunchIndex":1,"IterationIndex":6,"Operations":512,"Nanoseconds":19800},{"IterationMode":"Workload","IterationStage":"Pilot","LaunchIndex":1,"IterationIndex":7,"Operations":1024,"Nanoseconds":39300},{"IterationMode":"Workload","IterationStage":"Pilot","LaunchIndex":1,"IterationIndex":8,"Operations":2048,"Nanoseconds":78100},{"IterationMode":"Workload","IterationStage":"Pilot","LaunchIndex":1,"IterationIndex":9,"Operations":4096,"Nanoseconds":182400},{"IterationMode":"Workload","IterationStage":"Pilot","LaunchIndex":1,"IterationIndex":10,"Operations":8192,"Nanoseconds":370600},{"IterationMode":"Workload","IterationStage":"Pilot","LaunchIndex":1,"IterationIndex":11,"Operations":16384,"Nanoseconds":711200},{"IterationMode":"Workload","IterationStage":"Pilot","LaunchIndex":1,"IterationIndex":12,"Operations":32768,"Nanoseconds":1114200},{"IterationMode":"Workload","IterationStage":"Pilot","LaunchIndex":1,"IterationIndex":13,"Operations":65536,"Nanoseconds":2048300},{"IterationMode":"Workload","IterationStage":"Pilot","LaunchIndex":1,"IterationIndex":14,"Operations":131072,"Nanoseconds":4029400},{"IterationMode":"Workload","IterationStage":"Pilot","LaunchIndex":1,"IterationIndex":15,"Operations":262144,"Nanoseconds":9060500},{"IterationMode":"Workload","IterationStage":"Pilot","LaunchIndex":1,"IterationIndex":16,"Operations":524288,"Nanoseconds":15602700},{"IterationMode":"Workload","IterationStage":"Pilot","LaunchIndex":1,"IterationIndex":17,"Operations":1048576,"Nanoseconds":31121600},{"IterationMode":"Workload","IterationStage":"Pilot","LaunchIndex":1,"IterationIndex":18,"Operations":2097152,"Nanoseconds":61127100},{"IterationMode":"Workload","IterationStage":"Pilot","LaunchIndex":1,"IterationIndex":19,"Operations":4194304,"Nanoseconds":27201100},{"IterationMode":"Workload","IterationStage":"Pilot","LaunchIndex":1,"IterationIndex":20,"Operations":8388608,"Nanoseconds":38276900},{"IterationMode":"Workload","IterationStage":"Pilot","LaunchIndex":1,"IterationIndex":21,"Operations":16777216,"Nanoseconds":80800300},{"IterationMode":"Workload","IterationStage":"Pilot","LaunchIndex":1,"IterationIndex":22,"Operations":33554432,"Nanoseconds":163420000},{"IterationMode":"Workload","IterationStage":"Pilot","LaunchIndex":1,"IterationIndex":23,"Operations":67108864,"Nanoseconds":316292900},{"IterationMode":"Workload","IterationStage":"Pilot","LaunchIndex":1,"IterationIndex":24,"Operations":134217728,"Nanoseconds":646898000},{"IterationMode":"Overhead","IterationStage":"Warmup","LaunchIndex":1,"IterationIndex":1,"Operations":134217728,"Nanoseconds":274960600},{"IterationMode":"Overhead","IterationStage":"Warmup","LaunchIndex":1,"IterationIndex":2,"Operations":134217728,"Nanoseconds":213901800},{"IterationMode":"Overhead","IterationStage":"Warmup","LaunchIndex":1,"IterationIndex":3,"Operations":134217728,"Nanoseconds":205281700},{"IterationMode":"Overhead","IterationStage":"Warmup","LaunchIndex":1,"IterationIndex":4,"Operations":134217728,"Nanoseconds":211016300},{"IterationMode":"Overhead","IterationStage":"Warmup","LaunchIndex":1,"IterationIndex":5,"Operations":134217728,"Nanoseconds":214084100},{"IterationMode":"Overhead","IterationStage":"Warmup","LaunchIndex":1,"IterationIndex":6,"Operations":134217728,"Nanoseconds":211285100},{"IterationMode":"Overhead","IterationStage":"Warmup","LaunchIndex":1,"IterationIndex":7,"Operations":134217728,"Nanoseconds":217485800},{"IterationMode":"Overhead","IterationStage":"Warmup","LaunchIndex":1,"IterationIndex":8,"Operations":134217728,"Nanoseconds":261566400},{"IterationMode":"Overhead","IterationStage":"Warmup","LaunchIndex":1,"IterationIndex":9,"Operations":134217728,"Nanoseconds":268165400},{"IterationMode":"Overhead","IterationStage":"Warmup","LaunchIndex":1,"IterationIndex":10,"Operations":134217728,"Nanoseconds":287502700},{"IterationMode":"Overhead","IterationStage":"Actual","LaunchIndex":1,"IterationIndex":1,"Operations":134217728,"Nanoseconds":264457300},{"IterationMode":"Overhead","IterationStage":"Actual","LaunchIndex":1,"IterationIndex":2,"Operations":134217728,"Nanoseconds":282238200},{"IterationMode":"Overhead","IterationStage":"Actual","LaunchIndex":1,"IterationIndex":3,"Operations":134217728,"Nanoseconds":275879300},{"IterationMode":"Overhead","IterationStage":"Actual","LaunchIndex":1,"IterationIndex":4,"Operations":134217728,"Nanoseconds":268950200},{"IterationMode":"Overhead","IterationStage":"Actual","LaunchIndex":1,"IterationIndex":5,"Operations":134217728,"Nanoseconds":266747800},{"IterationMode":"Overhead","IterationStage":"Actual","LaunchIndex":1,"IterationIndex":6,