{"Title":"Relay.Benchmarks.PacketSinks.MultiPacketIsHealthyBenchmarks-20260429-185015","HostEnvironmentInfo":{"BenchmarkDotNetCaption":"BenchmarkDotNet","BenchmarkDotNetVersion":"0.13.12","OsVersion":"Windows 11 (10.0.26200.8246)","ProcessorName":"12th Gen Intel Core i7-12700","PhysicalProcessorCount":1,"PhysicalCoreCount":12,"LogicalCoreCount":20,"RuntimeVersion":".NET 9.0.14 (9.0.1426.11910)","Architecture":"X64","HasAttachedDebugger":false,"HasRyuJit":true,"Configuration":"RELEASE","DotNetCliVersion":"9.0.312","ChronometerFrequency":{"Hertz":10000000},"HardwareTimerKind":"Unknown"},"Benchmarks":[{"DisplayInfo":"MultiPacketIsHealthyBenchmarks.Multi_Packet_IsHealthy: ShortRun(IterationCount=3, LaunchCount=1, WarmupCount=3)","Namespace":"Relay.Benchmarks.PacketSinks","Type":"MultiPacketIsHealthyBenchmarks","Method":"Multi_Packet_IsHealthy","MethodTitle":"Multi_Packet_IsHealthy","Parameters":"","FullName":"Relay.Benchmarks.PacketSinks.MultiPacketIsHealthyBenchmarks.Multi_Packet_IsHealthy","HardwareIntrinsics":"AVX2,AES,BMI1,BMI2,FMA,LZCNT,PCLMUL,POPCNT,AvxVnni,SERIALIZE VectorSize=256","Statistics":{"OriginalValues":[1.1623047292232513,1.0204341262578964,1.0940875858068466],"N":3,"Min":1.0204341262578964,"LowerFence":0.9508579038083553,"Q1":1.0572608560323715,"Median":1.0940875858068466,"Mean":1.0922754804293315,"Q3":1.128196157515049,"UpperFence":1.2345991097390652,"Max":1.1623047292232513,"InterquartileRange":0.07093530148267746,"LowerOutliers":[],"UpperOutliers":[],"AllOutliers":[],"StandardError":0.04096453665819887,"Variance":0.005034279790862758,"StandardDeviation":0.07095265880051824,"Skewness":-0.025522981383877787,"Kurtosis":0.6666666666666666,"ConfidenceInterval":{"N":3,"Mean":1.0922754804293315,"StandardError":0.04096453665819887,"Level":12,"Margin":1.2944406295601014,"Lower":-0.20216514913076988,"Upper":2.386716109989433},"Percentiles":{"P0":1.0204341262578964,"P25":1.0572608560323715,"P50":1.0940875858068466,"P67":1.1172814145684242,"P80":1.1350178718566895,"P85":1.14183958619833,"P90":1.1486613005399704,"P95":1.1554830148816109,"P100":1.1623047292232513}},"Memory":{"Gen0Collections":0,"Gen1Collections":0,"Gen2Collections":0,"TotalOperations":268435456,"BytesAllocatedPerOperation":0},"Measurements":[{"IterationMode":"Overhead","IterationStage":"Jitting","LaunchIndex":1,"IterationIndex":1,"Operations":1,"Nanoseconds":170000},{"IterationMode":"Workload","IterationStage":"Jitting","LaunchIndex":1,"IterationIndex":1,"Operations":1,"Nanoseconds":230400},{"IterationMode":"Overhead","IterationStage":"Jitting","LaunchIndex":1,"IterationIndex":2,"Operations":16,"Nanoseconds":233300},{"IterationMode":"Workload","IterationStage":"Jitting","LaunchIndex":1,"IterationIndex":2,"Operations":16,"Nanoseconds":230200},{"IterationMode":"Workload","IterationStage":"Pilot","LaunchIndex":1,"IterationIndex":1,"Operations":16,"Nanoseconds":800},{"IterationMode":"Workload","IterationStage":"Pilot","LaunchIndex":1,"IterationIndex":2,"Operations":32,"Nanoseconds":1100},{"IterationMode":"Workload","IterationStage":"Pilot","LaunchIndex":1,"IterationIndex":3,"Operations":64,"Nanoseconds":1400},{"IterationMode":"Workload","IterationStage":"Pilot","LaunchIndex":1,"IterationIndex":4,"Operations":128,"Nanoseconds":2100},{"IterationMode":"Workload","IterationStage":"Pilot","LaunchIndex":1,"IterationIndex":5,"Operations":256,"Nanoseconds":4000},{"IterationMode":"Workload","IterationStage":"Pilot","LaunchIndex":1,"IterationIndex":6,"Operations":512,"Nanoseconds":7500},{"IterationMode":"Workload","IterationStage":"Pilot","LaunchIndex":1,"IterationIndex":7,"Operations":1024,"Nanoseconds":14500},{"IterationMode":"Workload","IterationStage":"Pilot","LaunchIndex":1,"IterationIndex":8,"Operations":2048,"Nanoseconds":28500},{"IterationMode":"Workload","IterationStage":"Pilot","LaunchIndex":1,"IterationIndex":9,"Operations":4096,"Nanoseconds":56500},{"IterationMode":"Workload","IterationStage":"Pilot","LaunchIndex":1,"IterationIndex":10,"Operations":8192,"Nanoseconds":136700},{"IterationMode":"Workload","IterationStage":"Pilot","LaunchIndex":1,"IterationIndex":11,"Operations":16384,"Nanoseconds":223200},{"IterationMode":"Workload","IterationStage":"Pilot","LaunchIndex":1,"IterationIndex":12,"Operations":32768,"Nanoseconds":391200},{"IterationMode":"Workload","IterationStage":"Pilot","LaunchIndex":1,"IterationIndex":13,"Operations":65536,"Nanoseconds":739300},{"IterationMode":"Workload","IterationStage":"Pilot","LaunchIndex":1,"IterationIndex":14,"Operations":131072,"Nanoseconds":1415700},{"IterationMode":"Workload","IterationStage":"Pilot","LaunchIndex":1,"IterationIndex":15,"Operations":262144,"Nanoseconds":2830100},{"IterationMode":"Workload","IterationStage":"Pilot","LaunchIndex":1,"IterationIndex":16,"Operations":524288,"Nanoseconds":5548200},{"IterationMode":"Workload","IterationStage":"Pilot","LaunchIndex":1,"IterationIndex":17,"Operations":1048576,"Nanoseconds":11124200},{"IterationMode":"Workload","IterationStage":"Pilot","LaunchIndex":1,"IterationIndex":18,"Operations":2097152,"Nanoseconds":22118600},{"IterationMode":"Workload","IterationStage":"Pilot","LaunchIndex":1,"IterationIndex":19,"Operations":4194304,"Nanoseconds":43428900},{"IterationMode":"Workload","IterationStage":"Pilot","LaunchIndex":1,"IterationIndex":20,"Operations":8388608,"Nanoseconds":57687500},{"IterationMode":"Workload","IterationStage":"Pilot","LaunchIndex":1,"IterationIndex":21,"Operations":16777216,"Nanoseconds":35358400},{"IterationMode":"Workload","IterationStage":"Pilot","LaunchIndex":1,"IterationIndex":22,"Operations":33554432,"Nanoseconds":66911800},{"IterationMode":"Workload","IterationStage":"Pilot","LaunchIndex":1,"IterationIndex":23,"Operations":67108864,"Nanoseconds":136639500},{"IterationMode":"Workload","IterationStage":"Pilot","LaunchIndex":1,"IterationIndex":24,"Operations":134217728,"Nanoseconds":275428000},{"IterationMode":"Workload","IterationStage":"Pilot","LaunchIndex":1,"IterationIndex":25,"Operations":268435456,"Nanoseconds":554649000},{"IterationMode":"Overhead","IterationStage":"Warmup","LaunchIndex":1,"IterationIndex":1,"Operations":268435456,"Nanoseconds":482306200},{"IterationMode":"Overhead","IterationStage":"Warmup","LaunchIndex":1,"IterationIndex":2,"Operations":268435456,"Nanoseconds":431506400},{"IterationMode":"Overhead","IterationStage":"Warmup","LaunchIndex":1,"IterationIndex":3,"Operations":268435456,"Nanoseconds":435437200},{"IterationMode":"Overhead","IterationStage":"Warmup","LaunchIndex":1,"IterationIndex":4,"Operations":268435456,"Nanoseconds":454524500},{"IterationMode":"Overhead","IterationStage":"Warmup","LaunchIndex":1,"IterationIndex":5,"Operations":268435456,"Nanoseconds":531909900},{"IterationMode":"Overhead","IterationStage":"Warmup","LaunchIndex":1,"IterationIndex":6,"Operations":268435456,"Nanoseconds":562368500},{"IterationMode":"Overhead","IterationStage":"Warmup","LaunchIndex":1,"IterationIndex":7,"Operations":268435456,"Nanoseconds":544706300},{"IterationMode":"Overhead","IterationStage":"Warmup","LaunchIndex":1,"IterationIndex":8,"Operations":268435456,"Nanoseconds":582602600},{"IterationMode":"Overhead","IterationStage":"Warmup","LaunchIndex":1,"IterationIndex":9,"Operations":268435456,"Nanoseconds":531042700},{"IterationMode":"Overhead","IterationStage":"Actual","LaunchIndex":1,"IterationIndex":1,"Operations":268435456,"Nanoseconds":522980500},{"IterationMode":"Overhead","IterationStage":"Actual","LaunchIndex":1,"IterationIndex":2,"Operations":268435456,"Nanoseconds":542424700},{"IterationMode":"Overhead","IterationStage":"Actual","LaunchIndex":1,"IterationIndex":3,"Operations":268435456,"Nanoseconds":543898500},{"IterationMode":"Overhead","IterationStage":"Actual","LaunchIndex":1,"IterationIndex":4,"Operations":268435456,"Nanoseconds":521426300},{"IterationMode":"Overhead","IterationStage":"Actual","LaunchIndex":1,"IterationIndex":5,"Operations":268435456,"Nanoseconds":516319300},{"IterationMode":"Overhead","IterationStage":"Actual",