{"Title":"Relay.Benchmarks.Sinks.BatchSinkBenchmarks-20260430-064348","HostEnvironmentInfo":{"BenchmarkDotNetCaption":"BenchmarkDotNet","BenchmarkDotNetVersion":"0.13.12","OsVersion":"Windows 11 (10.0.26200.8246)","ProcessorName":"12th Gen Intel Core i7-12700","PhysicalProcessorCount":1,"PhysicalCoreCount":12,"LogicalCoreCount":20,"RuntimeVersion":".NET 9.0.14 (9.0.1426.11910)","Architecture":"X64","HasAttachedDebugger":false,"HasRyuJit":true,"Configuration":"RELEASE","DotNetCliVersion":"9.0.312","ChronometerFrequency":{"Hertz":10000000},"HardwareTimerKind":"Unknown"},"Benchmarks":[{"DisplayInfo":"BatchSinkBenchmarks.Enqueue_RingPublish: ShortRun(IterationCount=3, LaunchCount=1, WarmupCount=3)","Namespace":"Relay.Benchmarks.Sinks","Type":"BatchSinkBenchmarks","Method":"Enqueue_RingPublish","MethodTitle":"Enqueue_RingPublish","Parameters":"","FullName":"Relay.Benchmarks.Sinks.BatchSinkBenchmarks.Enqueue_RingPublish","HardwareIntrinsics":"AVX2,AES,BMI1,BMI2,FMA,LZCNT,PCLMUL,POPCNT,AvxVnni,SERIALIZE VectorSize=256","Statistics":{"OriginalValues":[12.016479671001434,8.936658501625061,10.407944023609161],"N":3,"Min":8.936658501625061,"LowerFence":7.362435385584831,"Q1":9.672301262617111,"Median":10.407944023609161,"Mean":10.453694065411886,"Q3":11.212211847305298,"UpperFence":13.522077724337578,"Max":12.016479671001434,"InterquartileRange":1.5399105846881866,"LowerOutliers":[],"UpperOutliers":[],"AllOutliers":[],"StandardError":0.8893620201354877,"Variance":2.3728944085784263,"StandardDeviation":1.5404202051967595,"Skewness":0.029673518152616627,"Kurtosis":0.6666666666666665,"ConfidenceInterval":{"N":3,"Mean":10.453694065411886,"StandardError":0.8893620201354877,"Level":12,"Margin":28.102999012454625,"Lower":-17.649304947042737,"Upper":38.55669307786651},"Percentiles":{"P0":8.936658501625061,"P25":9.672301262617111,"P50":10.407944023609161,"P67":10.954846143722534,"P80":11.373065412044525,"P85":11.533918976783752,"P90":11.69477254152298,"P95":11.855626106262207,"P100":12.016479671001434}},"Memory":{"Gen0Collections":0,"Gen1Collections":0,"Gen2Collections":0,"TotalOperations":67108864,"BytesAllocatedPerOperation":0},"Measurements":[{"IterationMode":"Overhead","IterationStage":"Jitting","LaunchIndex":1,"IterationIndex":1,"Operations":1,"Nanoseconds":148300},{"IterationMode":"Workload","IterationStage":"Jitting","LaunchIndex":1,"IterationIndex":1,"Operations":1,"Nanoseconds":378400},{"IterationMode":"Overhead","IterationStage":"Jitting","LaunchIndex":1,"IterationIndex":2,"Operations":16,"Nanoseconds":122000},{"IterationMode":"Workload","IterationStage":"Jitting","LaunchIndex":1,"IterationIndex":2,"Operations":16,"Nanoseconds":129600},{"IterationMode":"Workload","IterationStage":"Pilot","LaunchIndex":1,"IterationIndex":1,"Operations":16,"Nanoseconds":1300},{"IterationMode":"Workload","IterationStage":"Pilot","LaunchIndex":1,"IterationIndex":2,"Operations":32,"Nanoseconds":1600},{"IterationMode":"Workload","IterationStage":"Pilot","LaunchIndex":1,"IterationIndex":3,"Operations":64,"Nanoseconds":2400},{"IterationMode":"Workload","IterationStage":"Pilot","LaunchIndex":1,"IterationIndex":4,"Operations":128,"Nanoseconds":4000},{"IterationMode":"Workload","IterationStage":"Pilot","LaunchIndex":1,"IterationIndex":5,"Operations":256,"Nanoseconds":7300},{"IterationMode":"Workload","IterationStage":"Pilot","LaunchIndex":1,"IterationIndex":6,"Operations":512,"Nanoseconds":40500},{"IterationMode":"Workload","IterationStage":"Pilot","LaunchIndex":1,"IterationIndex":7,"Operations":1024,"Nanoseconds":28400},{"IterationMode":"Workload","IterationStage":"Pilot","LaunchIndex":1,"IterationIndex":8,"Operations":2048,"Nanoseconds":40400},{"IterationMode":"Workload","IterationStage":"Pilot","LaunchIndex":1,"IterationIndex":9,"Operations":4096,"Nanoseconds":79300},{"IterationMode":"Workload","IterationStage":"Pilot","LaunchIndex":1,"IterationIndex":10,"Operations":8192,"Nanoseconds":157800},{"IterationMode":"Workload","IterationStage":"Pilot","LaunchIndex":1,"IterationIndex":11,"Operations":16384,"Nanoseconds":316300},{"IterationMode":"Workload","IterationStage":"Pilot","LaunchIndex":1,"IterationIndex":12,"Operations":32768,"Nanoseconds":638300},{"IterationMode":"Workload","IterationStage":"Pilot","LaunchIndex":1,"IterationIndex":13,"Operations":65536,"Nanoseconds":1259400},{"IterationMode":"Workload","IterationStage":"Pilot","LaunchIndex":1,"IterationIndex":14,"Operations":131072,"Nanoseconds":3091700},{"IterationMode":"Workload","IterationStage":"Pilot","LaunchIndex":1,"IterationIndex":15,"Operations":262144,"Nanoseconds":5196100},{"IterationMode":"Workload","IterationStage":"Pilot","LaunchIndex":1,"IterationIndex":16,"Operations":524288,"Nanoseconds":13490700},{"IterationMode":"Workload","IterationStage":"Pilot","LaunchIndex":1,"IterationIndex":17,"Operations":1048576,"Nanoseconds":35398000},{"IterationMode":"Workload","IterationStage":"Pilot","LaunchIndex":1,"IterationIndex":18,"Operations":2097152,"Nanoseconds":61886200},{"IterationMode":"Workload","IterationStage":"Pilot","LaunchIndex":1,"IterationIndex":19,"Operations":4194304,"Nanoseconds":109205400},{"IterationMode":"Workload","IterationStage":"Pilot","LaunchIndex":1,"IterationIndex":20,"Operations":8388608,"Nanoseconds":121441400},{"IterationMode":"Workload","IterationStage":"Pilot","LaunchIndex":1,"IterationIndex":21,"Operations":16777216,"Nanoseconds":181990800},{"IterationMode":"Workload","IterationStage":"Pilot","LaunchIndex":1,"IterationIndex":22,"Operations":33554432,"Nanoseconds":376202100},{"IterationMode":"Workload","IterationStage":"Pilot","LaunchIndex":1,"IterationIndex":23,"Operations":67108864,"Nanoseconds":708397400},{"IterationMode":"Overhead","IterationStage":"Warmup","LaunchIndex":1,"IterationIndex":1,"Operations":67108864,"Nanoseconds":129785500},{"IterationMode":"Overhead","IterationStage":"Warmup","LaunchIndex":1,"IterationIndex":2,"Operations":67108864,"Nanoseconds":121694600},{"IterationMode":"Overhead","IterationStage":"Warmup","LaunchIndex":1,"IterationIndex":3,"Operations":67108864,"Nanoseconds":101258700},{"IterationMode":"Overhead","IterationStage":"Warmup","LaunchIndex":1,"IterationIndex":4,"Operations":67108864,"Nanoseconds":101895300},{"IterationMode":"Overhead","IterationStage":"Warmup","LaunchIndex":1,"IterationIndex":5,"Operations":67108864,"Nanoseconds":101507400},{"IterationMode":"Overhead","IterationStage":"Warmup","LaunchIndex":1,"IterationIndex":6,"Operations":67108864,"Nanoseconds":101688600},{"IterationMode":"Overhead","IterationStage":"Warmup","LaunchIndex":1,"IterationIndex":7,"Operations":67108864,"Nanoseconds":101717200},{"IterationMode":"Overhead","IterationStage":"Warmup","LaunchIndex":1,"IterationIndex":8,"Operations":67108864,"Nanoseconds":102900900},{"IterationMode":"Overhead","IterationStage":"Warmup","LaunchIndex":1,"IterationIndex":9,"Operations":67108864,"Nanoseconds":102469200},{"IterationMode":"Overhead","IterationStage":"Actual","LaunchIndex":1,"IterationIndex":1,"Operations":67108864,"Nanoseconds":101488000},{"IterationMode":"Overhead","IterationStage":"Actual","LaunchIndex":1,"IterationIndex":2,"Operations":67108864,"Nanoseconds":101103200},{"IterationMode":"Overhead","IterationStage":"Actual","LaunchIndex":1,"IterationIndex":3,"Operations":67108864,"Nanoseconds":100865400},{"IterationMode":"Overhead","IterationStage":"Actual","LaunchIndex":1,"IterationIndex":4,"Operations":67108864,"Nanoseconds":102069800},{"IterationMode":"Overhead","IterationStage":"Actual","LaunchIndex":1,"IterationIndex":5,"Operations":67108864,"Nanoseconds":101037500},{"IterationMode":"Overhead","IterationStage":"Actual","LaunchIndex":1,"IterationIndex":6,"Operations":67108864,"Nanoseconds":101899400},{"IterationMode":"Overhead","IterationStage":"Actual","LaunchIndex":1,"IterationIndex":7,"Operations":67108864,"Nanoseconds":101382800},{"IterationMode":"Overhead","IterationStage":"Actual","LaunchIndex":1,"IterationIndex":8,"Operations":67108864,