{"Title":"Relay.Benchmarks.Baselines.TypedSinkBaselineBenchmark-20260425-173550","HostEnvironmentInfo":{"BenchmarkDotNetCaption":"BenchmarkDotNet","BenchmarkDotNetVersion":"0.13.12","OsVersion":"Windows 11 (10.0.26200.8246)","ProcessorName":"12th Gen Intel Core i7-12700","PhysicalProcessorCount":1,"PhysicalCoreCount":12,"LogicalCoreCount":20,"RuntimeVersion":".NET 9.0.14 (9.0.1426.11910)","Architecture":"X64","HasAttachedDebugger":false,"HasRyuJit":true,"Configuration":"RELEASE","DotNetCliVersion":"9.0.312","ChronometerFrequency":{"Hertz":10000000},"HardwareTimerKind":"Unknown"},"Benchmarks":[{"DisplayInfo":"TypedSinkBaselineBenchmark.TcpSinkTyped_Enqueue: DefaultJob","Namespace":"Relay.Benchmarks.Baselines","Type":"TypedSinkBaselineBenchmark","Method":"TcpSinkTyped_Enqueue","MethodTitle":"TcpSinkTyped_Enqueue","Parameters":"","FullName":"Relay.Benchmarks.Baselines.TypedSinkBaselineBenchmark.TcpSinkTyped_Enqueue","HardwareIntrinsics":"AVX2,AES,BMI1,BMI2,FMA,LZCNT,PCLMUL,POPCNT,AvxVnni,SERIALIZE VectorSize=256","Statistics":{"OriginalValues":[0.3357680980116129,0.3334042616188526,0.3353223670274019,0.3341418690979481,0.3344528377056122,0.3323008306324482,0.33372966572642326,0.33332458697259426,0.3371685743331909,0.33219652250409126,0.33347420394420624,0.3342108801007271,0.33318018540740013],"N":13,"Min":0.33219652250409126,"LowerFence":0.3316322108730674,"Q1":0.33332458697259426,"Median":0.33372966572642326,"Mean":0.33405191408326995,"Q3":0.3344528377056122,"UpperFence":0.33614521380513906,"Max":0.3371685743331909,"InterquartileRange":0.0011282507330179214,"LowerOutliers":[],"UpperOutliers":[0.3371685743331909],"AllOutliers":[0.3371685743331909],"StandardError":0.00038498871461929154,"Variance":1.9268120349947857e-06,"StandardDeviation":0.0013880965510348283,"Skewness":0.6944733855452958,"Kurtosis":2.6534992058369724,"ConfidenceInterval":{"N":13,"Mean":0.33405191408326995,"StandardError":0.00038498871461929154,"Level":12,"Margin":0.0016623009162227051,"Lower":0.33238961316704724,"Upper":0.33571421499949267},"Percentiles":{"P0":0.33219652250409126,"P25":0.33332458697259426,"P50":0.33372966572642326,"P67":0.3342205584049225,"P80":0.334974555298686,"P85":0.3354115132242441,"P90":0.3356789518147707,"P95":0.3363282885402441,"P100":0.3371685743331909}},"Memory":{"Gen0Collections":0,"Gen1Collections":0,"Gen2Collections":0,"TotalOperations":2147483648,"BytesAllocatedPerOperation":0},"Measurements":[{"IterationMode":"Overhead","IterationStage":"Jitting","LaunchIndex":1,"IterationIndex":1,"Operations":1024,"Nanoseconds":145000},{"IterationMode":"Workload","IterationStage":"Jitting","LaunchIndex":1,"IterationIndex":1,"Operations":1024,"Nanoseconds":313100},{"IterationMode":"Overhead","IterationStage":"Jitting","LaunchIndex":1,"IterationIndex":2,"Operations":16384,"Nanoseconds":122500},{"IterationMode":"Workload","IterationStage":"Jitting","LaunchIndex":1,"IterationIndex":2,"Operations":16384,"Nanoseconds":604700},{"IterationMode":"Workload","IterationStage":"Pilot","LaunchIndex":1,"IterationIndex":1,"Operations":16384,"Nanoseconds":166900},{"IterationMode":"Workload","IterationStage":"Pilot","LaunchIndex":1,"IterationIndex":2,"Operations":32768,"Nanoseconds":286000},{"IterationMode":"Workload","IterationStage":"Pilot","LaunchIndex":1,"IterationIndex":3,"Operations":65536,"Nanoseconds":508300},{"IterationMode":"Workload","IterationStage":"Pilot","LaunchIndex":1,"IterationIndex":4,"Operations":131072,"Nanoseconds":925700},{"IterationMode":"Workload","IterationStage":"Pilot","LaunchIndex":1,"IterationIndex":5,"Operations":262144,"Nanoseconds":1847400},{"IterationMode":"Workload","IterationStage":"Pilot","LaunchIndex":1,"IterationIndex":6,"Operations":524288,"Nanoseconds":3747900},{"IterationMode":"Workload","IterationStage":"Pilot","LaunchIndex":1,"IterationIndex":7,"Operations":1048576,"Nanoseconds":9675200},{"IterationMode":"Workload","IterationStage":"Pilot","LaunchIndex":1,"IterationIndex":8,"Operations":2097152,"Nanoseconds":11741500},{"IterationMode":"Workload","IterationStage":"Pilot","LaunchIndex":1,"IterationIndex":9,"Operations":4194304,"Nanoseconds":17926200},{"IterationMode":"Workload","IterationStage":"Pilot","LaunchIndex":1,"IterationIndex":10,"Operations":8388608,"Nanoseconds":35992700},{"IterationMode":"Workload","IterationStage":"Pilot","LaunchIndex":1,"IterationIndex":11,"Operations":16777216,"Nanoseconds":71810100},{"IterationMode":"Workload","IterationStage":"Pilot","LaunchIndex":1,"IterationIndex":12,"Operations":33554432,"Nanoseconds":279736700},{"IterationMode":"Workload","IterationStage":"Pilot","LaunchIndex":1,"IterationIndex":13,"Operations":67108864,"Nanoseconds":42785800},{"IterationMode":"Workload","IterationStage":"Pilot","LaunchIndex":1,"IterationIndex":14,"Operations":134217728,"Nanoseconds":46144100},{"IterationMode":"Workload","IterationStage":"Pilot","LaunchIndex":1,"IterationIndex":15,"Operations":268435456,"Nanoseconds":90107100},{"IterationMode":"Workload","IterationStage":"Pilot","LaunchIndex":1,"IterationIndex":16,"Operations":536870912,"Nanoseconds":180260500},{"IterationMode":"Workload","IterationStage":"Pilot","LaunchIndex":1,"IterationIndex":17,"Operations":1073741824,"Nanoseconds":361315200},{"IterationMode":"Workload","IterationStage":"Pilot","LaunchIndex":1,"IterationIndex":18,"Operations":2147483648,"Nanoseconds":727636600},{"IterationMode":"Overhead","IterationStage":"Warmup","LaunchIndex":1,"IterationIndex":1,"Operations":2147483648,"Nanoseconds":4151300},{"IterationMode":"Overhead","IterationStage":"Warmup","LaunchIndex":1,"IterationIndex":2,"Operations":2147483648,"Nanoseconds":4317400},{"IterationMode":"Overhead","IterationStage":"Warmup","LaunchIndex":1,"IterationIndex":3,"Operations":2147483648,"Nanoseconds":4251600},{"IterationMode":"Overhead","IterationStage":"Warmup","LaunchIndex":1,"IterationIndex":4,"Operations":2147483648,"Nanoseconds":4210700},{"IterationMode":"Overhead","IterationStage":"Warmup","LaunchIndex":1,"IterationIndex":5,"Operations":2147483648,"Nanoseconds":4254600},{"IterationMode":"Overhead","IterationStage":"Warmup","LaunchIndex":1,"IterationIndex":6,"Operations":2147483648,"Nanoseconds":4250800},{"IterationMode":"Overhead","IterationStage":"Actual","LaunchIndex":1,"IterationIndex":1,"Operations":2147483648,"Nanoseconds":4214300},{"IterationMode":"Overhead","IterationStage":"Actual","LaunchIndex":1,"IterationIndex":2,"Operations":2147483648,"Nanoseconds":4242600},{"IterationMode":"Overhead","IterationStage":"Actual","LaunchIndex":1,"IterationIndex":3,"Operations":2147483648,"Nanoseconds":4251800},{"IterationMode":"Overhead","IterationStage":"Actual","LaunchIndex":1,"IterationIndex":4,"Operations":2147483648,"Nanoseconds":4254300},{"IterationMode":"Overhead","IterationStage":"Actual","LaunchIndex":1,"IterationIndex":5,"Operations":2147483648,"Nanoseconds":4253900},{"IterationMode":"Overhead","IterationStage":"Actual","LaunchIndex":1,"IterationIndex":6,"Operations":2147483648,"Nanoseconds":4260900},{"IterationMode":"Overhead","IterationStage":"Actual","LaunchIndex":1,"IterationIndex":7,"Operations":2147483648,"Nanoseconds":4209600},{"IterationMode":"Overhead","IterationStage":"Actual","LaunchIndex":1,"IterationIndex":8,"Operations":2147483648,"Nanoseconds":4238000},{"IterationMode":"Overhead","IterationStage":"Actual","LaunchIndex":1,"IterationIndex":9,"Operations":2147483648,"Nanoseconds":4257500},{"IterationMode":"Overhead","IterationStage":"Actual","LaunchIndex":1,"IterationIndex":10,"Operations":2147483648,"Nanoseconds":4345700},{"IterationMode":"Overhead","IterationStage":"Actual","LaunchIndex":1,"IterationIndex":11,"Operations":2147483648,"Nanoseconds":4206900},{"IterationMode":"Overhead","IterationStage":"Actual","LaunchIndex":1,"IterationIndex":12,"Operations":2147483648,"Nanoseconds":4324000},{"IterationMode":"Overhead","IterationStage":"Actual","LaunchIndex":1,"IterationIndex":13,"Operations":2147483648,"Nanoseconds":4305000},{"IterationMode":"Overhead","IterationStage":"Actual",