{"Title":"Relay.Benchmarks.Baselines.TypedSinkBaselineBenchmark-20260424-164322","HostEnvironmentInfo":{"BenchmarkDotNetCaption":"BenchmarkDotNet","BenchmarkDotNetVersion":"0.13.12","OsVersion":"Windows 11 (10.0.26200.8246)","ProcessorName":"12th Gen Intel Core i7-12700","PhysicalProcessorCount":1,"PhysicalCoreCount":12,"LogicalCoreCount":20,"RuntimeVersion":".NET 9.0.14 (9.0.1426.11910)","Architecture":"X64","HasAttachedDebugger":false,"HasRyuJit":true,"Configuration":"RELEASE","DotNetCliVersion":"9.0.312","ChronometerFrequency":{"Hertz":10000000},"HardwareTimerKind":"Unknown"},"Benchmarks":[{"DisplayInfo":"TypedSinkBaselineBenchmark.TcpSinkTyped_Enqueue: DefaultJob","Namespace":"Relay.Benchmarks.Baselines","Type":"TypedSinkBaselineBenchmark","Method":"TcpSinkTyped_Enqueue","MethodTitle":"TcpSinkTyped_Enqueue","Parameters":"","FullName":"Relay.Benchmarks.Baselines.TypedSinkBaselineBenchmark.TcpSinkTyped_Enqueue","HardwareIntrinsics":"AVX2,AES,BMI1,BMI2,FMA,LZCNT,PCLMUL,POPCNT,AvxVnni,SERIALIZE VectorSize=256","Statistics":{"OriginalValues":[0.34677530638873577,0.3635132219642401,0.34959674812853336,0.34758085384964943,0.3494845237582922,0.359838642179966,0.3482248168438673,0.35107480362057686,0.3551160916686058,0.3523874096572399,0.3465926740318537,0.35038343630731106,0.35580755211412907,0.3603231627494097,0.35628657788038254],"N":15,"Min":0.3465926740318537,"LowerFence":0.33806607825681567,"Q1":0.34885467030107975,"Median":0.35107480362057686,"Mean":0.3528657214095195,"Q3":0.3560470649972558,"UpperFence":0.3668356570415199,"Max":0.3635132219642401,"InterquartileRange":0.007192394696176052,"LowerOutliers":[],"UpperOutliers":[],"AllOutliers":[],"StandardError":0.0013812585830120397,"Variance":2.8618129097166418e-05,"StandardDeviation":0.005349591488811685,"Skewness":0.5324322412115411,"Kurtosis":1.8729056530576085,"ConfidenceInterval":{"N":15,"Mean":0.3528657214095195,"StandardError":0.0013812585830120397,"Level":12,"Margin":0.005719037781128068,"Lower":0.3471466836283914,"Upper":0.3585847591906476},"Percentiles":{"P0":0.3465926740318537,"P25":0.34885467030107975,"P50":0.35107480362057686,"P67":0.35537884663790464,"P80":0.3569969907402992,"P85":0.35948343575000763,"P90":0.3601293545216322,"P95":0.3612801805138588,"P100":0.3635132219642401}},"Memory":{"Gen0Collections":0,"Gen1Collections":0,"Gen2Collections":0,"TotalOperations":2147483648,"BytesAllocatedPerOperation":0},"Measurements":[{"IterationMode":"Overhead","IterationStage":"Jitting","LaunchIndex":1,"IterationIndex":1,"Operations":1024,"Nanoseconds":150000},{"IterationMode":"Workload","IterationStage":"Jitting","LaunchIndex":1,"IterationIndex":1,"Operations":1024,"Nanoseconds":336700},{"IterationMode":"Overhead","IterationStage":"Jitting","LaunchIndex":1,"IterationIndex":2,"Operations":16384,"Nanoseconds":129300},{"IterationMode":"Workload","IterationStage":"Jitting","LaunchIndex":1,"IterationIndex":2,"Operations":16384,"Nanoseconds":643000},{"IterationMode":"Workload","IterationStage":"Pilot","LaunchIndex":1,"IterationIndex":1,"Operations":16384,"Nanoseconds":195800},{"IterationMode":"Workload","IterationStage":"Pilot","LaunchIndex":1,"IterationIndex":2,"Operations":32768,"Nanoseconds":289100},{"IterationMode":"Workload","IterationStage":"Pilot","LaunchIndex":1,"IterationIndex":3,"Operations":65536,"Nanoseconds":525000},{"IterationMode":"Workload","IterationStage":"Pilot","LaunchIndex":1,"IterationIndex":4,"Operations":131072,"Nanoseconds":970600},{"IterationMode":"Workload","IterationStage":"Pilot","LaunchIndex":1,"IterationIndex":5,"Operations":262144,"Nanoseconds":2201300},{"IterationMode":"Workload","IterationStage":"Pilot","LaunchIndex":1,"IterationIndex":6,"Operations":524288,"Nanoseconds":5550000},{"IterationMode":"Workload","IterationStage":"Pilot","LaunchIndex":1,"IterationIndex":7,"Operations":1048576,"Nanoseconds":9332500},{"IterationMode":"Workload","IterationStage":"Pilot","LaunchIndex":1,"IterationIndex":8,"Operations":2097152,"Nanoseconds":9558800},{"IterationMode":"Workload","IterationStage":"Pilot","LaunchIndex":1,"IterationIndex":9,"Operations":4194304,"Nanoseconds":19075700},{"IterationMode":"Workload","IterationStage":"Pilot","LaunchIndex":1,"IterationIndex":10,"Operations":8388608,"Nanoseconds":37379900},{"IterationMode":"Workload","IterationStage":"Pilot","LaunchIndex":1,"IterationIndex":11,"Operations":16777216,"Nanoseconds":74301600},{"IterationMode":"Workload","IterationStage":"Pilot","LaunchIndex":1,"IterationIndex":12,"Operations":33554432,"Nanoseconds":304508900},{"IterationMode":"Workload","IterationStage":"Pilot","LaunchIndex":1,"IterationIndex":13,"Operations":67108864,"Nanoseconds":23810900},{"IterationMode":"Workload","IterationStage":"Pilot","LaunchIndex":1,"IterationIndex":14,"Operations":134217728,"Nanoseconds":46952500},{"IterationMode":"Workload","IterationStage":"Pilot","LaunchIndex":1,"IterationIndex":15,"Operations":268435456,"Nanoseconds":93157200},{"IterationMode":"Workload","IterationStage":"Pilot","LaunchIndex":1,"IterationIndex":16,"Operations":536870912,"Nanoseconds":184318200},{"IterationMode":"Workload","IterationStage":"Pilot","LaunchIndex":1,"IterationIndex":17,"Operations":1073741824,"Nanoseconds":369666800},{"IterationMode":"Workload","IterationStage":"Pilot","LaunchIndex":1,"IterationIndex":18,"Operations":2147483648,"Nanoseconds":741601100},{"IterationMode":"Overhead","IterationStage":"Warmup","LaunchIndex":1,"IterationIndex":1,"Operations":2147483648,"Nanoseconds":4463200},{"IterationMode":"Overhead","IterationStage":"Warmup","LaunchIndex":1,"IterationIndex":2,"Operations":2147483648,"Nanoseconds":4475800},{"IterationMode":"Overhead","IterationStage":"Warmup","LaunchIndex":1,"IterationIndex":3,"Operations":2147483648,"Nanoseconds":4456800},{"IterationMode":"Overhead","IterationStage":"Warmup","LaunchIndex":1,"IterationIndex":4,"Operations":2147483648,"Nanoseconds":4436200},{"IterationMode":"Overhead","IterationStage":"Warmup","LaunchIndex":1,"IterationIndex":5,"Operations":2147483648,"Nanoseconds":4398000},{"IterationMode":"Overhead","IterationStage":"Warmup","LaunchIndex":1,"IterationIndex":6,"Operations":2147483648,"Nanoseconds":4408900},{"IterationMode":"Overhead","IterationStage":"Warmup","LaunchIndex":1,"IterationIndex":7,"Operations":2147483648,"Nanoseconds":4442100},{"IterationMode":"Overhead","IterationStage":"Warmup","LaunchIndex":1,"IterationIndex":8,"Operations":2147483648,"Nanoseconds":4486100},{"IterationMode":"Overhead","IterationStage":"Warmup","LaunchIndex":1,"IterationIndex":9,"Operations":2147483648,"Nanoseconds":4400500},{"IterationMode":"Overhead","IterationStage":"Actual","LaunchIndex":1,"IterationIndex":1,"Operations":2147483648,"Nanoseconds":4428500},{"IterationMode":"Overhead","IterationStage":"Actual","LaunchIndex":1,"IterationIndex":2,"Operations":2147483648,"Nanoseconds":4447900},{"IterationMode":"Overhead","IterationStage":"Actual","LaunchIndex":1,"IterationIndex":3,"Operations":2147483648,"Nanoseconds":4402500},{"IterationMode":"Overhead","IterationStage":"Actual","LaunchIndex":1,"IterationIndex":4,"Operations":2147483648,"Nanoseconds":4406800},{"IterationMode":"Overhead","IterationStage":"Actual","LaunchIndex":1,"IterationIndex":5,"Operations":2147483648,"Nanoseconds":4390400},{"IterationMode":"Overhead","IterationStage":"Actual","LaunchIndex":1,"IterationIndex":6,"Operations":2147483648,"Nanoseconds":4539700},{"IterationMode":"Overhead","IterationStage":"Actual","LaunchIndex":1,"IterationIndex":7,"Operations":2147483648,"Nanoseconds":4394400},{"IterationMode":"Overhead","IterationStage":"Actual","LaunchIndex":1,"IterationIndex":8,"Operations":2147483648,"Nanoseconds":4388300},{"IterationMode":"Overhead","IterationStage":"Actual","LaunchIndex":1,"IterationIndex":9,"Operations":2147483648,"Nanoseconds":4401700},{"IterationMode":"Overhead","IterationStage":"Actual","LaunchIndex":1,"IterationIndex":10,"Operations":2147483648,"Nanoseconds":4631200},{"IterationMode":"Overhead","IterationStage":"Actual",